cus_id,cus_name
"AG3D6O4STAQKAY2UVGEUV46KN35Q,AHMY5CWJMMK5BJRBBSNLYT3ONILA,AHCTC6ULH4XB6YHDY6PCH2R772LQ,AGYHHIERNXKA6P5T7CZLXKVPT7IQ,AG4OGOFWXJZTQ2HKYIOCOY3KXF2Q,AENGU523SXMOS7JPDTW52PNNVWGQ,AEQJHCVTNINBS4FKTBGQRQTGTE5Q,AFC3FFC5PKFF5PMA52S3VCHOZ5FQ","Manav,Adarsh gupta,Sundeep,S.Sayeed Ahmed,jaspreet singh,Khaja moin,Anand,S.ARUMUGAM"
"AECPFYFQVRUWC3KGNLJIOREFP5LQ,AGYYVPDD7YG7FYNBXNGXZJT525AQ,AHONIZU3ICIEHQIGQ6R2VFRSBXOQ,AFPHD2CRPDZMWMBL7WXRSVYWS5JA,AEZ346GX3HJ4O4XNRPHCNHXQURMQ,AEPSWFPNECKO34PUC7I56ITGXR6Q,AHWVEHR5DYLVFTO2KF3IZATFQSWQ,AH4QT33M55677I7ISQOAKEQWACYQ","ArdKn,Nirbhay kumar,Sagar Viswanathan,Asp,Placeholder,BharanI,sonia,Niam"
"AGU3BBQ2V2DDAMOAKGFAWDDQ6QHA,AESFLDV2PT363T2AQLWQOWZ4N3OA,AHTPQRIMGUD4BYR5YIHBH3CCGEFQ,AEUVWXYP5LT7PZLLZENEO2NODPBQ,AHC7MPW55DOO6WNCOQVA2VHOD26A,AFDI6FRPFBTNBG7BAEB7JDJSMKDQ,AFQKCEEEKXCOHTDG4WUN3XPPHJQQ,AHKUUFNMBZIDLSSPA4FEHIO2EC7Q","Kunal,Himanshu,viswanath,sai niharka,saqib malik,Aashiq,Ramu Challa,Sanjay gupta"
"AEWAZDZZJLQUYVOVGBEUKSLXHQ5A,AG5HTSFRRE6NL3M5SGCUQBP7YSCA,AH725ST5NW2Y4JZPKUNTIJCUK2BA,AHV3TXIFCJPMS4D5JATCEUR266MQ,AGWIGDEMFIIUAOXYY2QATNBSUGHA,AFSTSLQUV4EVEXWKBOLEFHL2H5YQ,AGAKDNBHY2FKX7I4ACRGILU7QL7A,AFNWJUWJRHCC6HN52KMG5AKZY37Q","Omkar dhale,JD,HEMALATHA,Ajwadh a.,amar singh chouhan,Ravi Siddan,Himanshu Goel,Udaykumar"
"AE3Q6KSUK5P75D5HFYHCRAOLODSA,AFUGIFH5ZAFXRDSZHM4QB2KPKFUQ,AFK4NJOLFSJGWLOJIUIAROJF6YVA,AFUOTYRFUXVPEBGIXVZZ7DR3CZUA,AFDLRSXKDZ6U3U3KD46SQLFGZQRA,AH5VLM66SIK7J3IRG4NY7XVOQ55A,AE3MQNNHHLUHXURL5S7IAR7JTGNQ,AFSEOFZY67MYC7UAJU264Z5NFTLA","rahuls6099,Swasat Borah,Ajay Wadke,Pranali,RVK,Bhargav,Durai Vignesh,Amazon Customer"
"AEQ2YMXSZWEOHK2EHTNLOS56YTZQ,AGRVINWECNY7323CWFXZYYIZOFTQ,AHBAT6VLOXWGYDL57KHCNCLPXAKA,AF7NDY2H6JVYTSQOZP76GCATQ34Q,AFV7ZA733ZLME4KNLZPMPCBUNPPA,AHFAAPSY2MJ5HYOU2VQDJ7AQY4NQ,AH2WGV2PEBUTICRPBEEVKF24G5LA,AEP4MK3EKOBDKTGPJTRN5RBDIODA","Jayesh,Rajesh k.,Soopy,amazon customer,Aman,Shankar,dinesh,Chitra,Ajaybabu.O.M"
"AG7C6DAADCTRQJG2BRS3RIKDT52Q,AFU7BOMPVJ7Q3TTA4G67RASTGYIQ,AER5ZGIXXVYG3AWZTRZT7M2BYCEA,AHE76XQSOLGOP5ZEKTIW6KUPDWBQ,AGXTMB2XHZBEWZ2UIX7ODZ4XTU6Q,AHNM2XVU745EDPNGUOAG74PTSNRA,AH5RWQ4S72IVLZD6O75OPCFIVDXQ,AG322TYKVPLPBDXE7ABEUK5QTALQ","Vivek kumar,Amazon Customer,SARTHAK,Chiranjeevi,V V GIRI KUMAR,Rajnandini,Akshay Talla,sudhanshu chaubey"
"AHW6E5LQ2BDYOIVLAJGDH45J5V5Q,AF74RSGCHPZITVFSZN76K6GKPICA,AHDD7ZNB47QA2JLYU53HD4ML3VNQ,AHV3ELGDSOWBYUQLXSPDCSHBQRHQ,AEJU4L3ZM2GTILSJZZSNSF6VUOIA,AFVD66VQMSHPDT3A6HBBBGKRXBZA,AELKHQXVSSG6NHXLFJLLNEFRQQUQ,AGYSMAC6V6RFJJOHG2FIRPOZ6CSQ","Pavan A H,Jayesh bagad,Shridhar,rajendran,karuppu k,Akshay wani,Abbimaniu Singh,VISHAL H BADSHE"
"AGV3IEFANZCKECFGUM42MRH5FNOA,AEBO7NWCNXKT4AESAN443HQH35FQ,AE7GD3VRRYQEAHDR7FXJIR23INYA,AHPAW24BI5X2GCX5M2LHI72VSJJQ,AE2VXY4CFO36MDSIMPG43XHNF4GA,AHHQEKUNVETALN7DTRHUQ2WAWEKQ,AFMIFTNTUD5PIHGONWOTRMMZ5EBA,AHOJBIZVVIIFJKRREY4B6ESVA4KA","Azhar JuMan,Anirudh Sood,Hari Krishnan PS,Akash Jindal,PRADEEP,Rajesh,Divya Kothari,abhijit"
"AGYLPKPZHVYKKZHOTHCTYVEDAJ4A,AGTTU64JMX722LYCN3SOWLFPKPAQ,AFWD4ZTM7473CDWARHCDQKK73MTA,AEXCQM3FDLX3YL3UJWWUIAIUJT4A,AHUKYUWRUVRTB3IQGISXWTSPAWLQ,AFWW4UEXAJH7EAB5LTMKMSGLUN2Q,AFM5JL37WY7G6MLQUI4WAXUJME7Q,AFECO24WYFOU2KL7C3DMHTEHRU7Q","Tanya,Anu,Akshay,Vishal Sagara Shetty,Swatilekha Sarkar,Jithindas,IBRAHIM S,Sundaram J."
"AEYJ5I6JZZPOJB6MGWRQOHRQLPSQ,AFY5TVFOMVHGBPBTIJODYDQRZM5Q,AE3O6366WGEQAANKJ76QETTUQQTQ,AEQIJCPWSBCDKUO5VROXXHWX3PPA,AGVIAQK2HQ47P7UVXHW2NBAEU7YQ,AE3D5CJ2GDUP5SQ3AAYMVAGDTX7A,AH77IQRYD54XCRMCO7XEAIAYCLPA,AEA2HQHMFG3ZGJFOLLJQ65WKIZUQ","Rishav Gossain,Shashank Mallamraju,Purnendu,gunasekaran desomayananam,Anto RK,Sukrit Basak,Manoj Kumar,Sethuram.S"
"AGUAYQHARAKR2VZTRP276KAGETKQ,AFKTST2773VUOKUHE7FCR6QCAURQ,AEGLHOQOWUUUQEDV6EWXTSHIUE7A,AEHQYGI5L4FFALBMC5XMT5KXSZCA,AHJFXFGDAXEHIG2ZLUWVMZ3LWPBA,AEP4CW3UI7AJ7XM7PAAKVCB6U3ZA,AHIWCPCQ2Z4HWEM7V4HGTLVZQM6Q,AHT4JDEYWRIQGCA2WAQJ6E2POHCQ","Priya,Mansi,Plaban,Vivek,Taufique Ahmed,Praveen kumar,Robbin,arjun sharma"
"AF2XXVO7JUBUVAOBTJ3MNH4DGUFQ,AH6VDJLLPBXKCWXMLBKMBCQ2ESGA,AE642RIGZIT2VPQJOLNUZ34QVWJQ,AFLHNKQH5UQZU3ATISKSMRE2KEDQ,AF2L4MCRCIDOOREQJN7QPQ4QBZCA,AGKLZ4SUHAU47KJXDVHBBEWJODUA,AHESCOYXLCXB56F4JO45X4CZQCYA,AGGHDE6KFZHEDUDJBD5R27AYMEWA","Deepaak Singh,siva k.,MUNDATH BALGOPAL,BOOPATHI,Rakesh,Ana,Xolo,Rushi"
"AGSGSRTEZBQY64WO2HKQTV7TWFSA,AEYD5HVYAJ23CR6PTWOOIKUOIDHA,AFRMNW6TDHDZBP2UHF2K3MEAEYUA,AHICHCW6EC3BNV2IDAEAJPBG4HZQ,AGWFKE7RNP6EVC4JFLFSL76EEVVQ,AGEOQQHGNELZNEUKJAJUA7NTPBLA,AFS3QBSOMCE2FAZFUYZ3NBFQDLMQ,AGJYG6ZWCWD74WNE6Y37XZ2VUSMA","Birendra ku Dash,Aditya Gupta,Abdulla A N,Deepak,Gowtham,Rakesh,Pawan Kumar,Prabhat Raj Pathak"
"AHEVOQADJSSRX7DS325HSFLMP7VQ,AG7XYZRCSKX6G2OLO7DVZWIZ3PUQ,AE2THTCCQLBIUSWPF4CPXC6GGP7Q,AHUJZOV34DFEN55QQ5XOYKVKHV6Q,AELX4DI77ZHURZTDLYFU7XMP7R6Q,AE2ODWBBOBD2SITDDIEJ644OSRFQ,AFLW4WXYQ3G6HU5LBQORDDZO3FOQ,AGGRC2P6M43GDEWCAHGYAILCSKTQ","Manoj maddheshiya,Manoj Kumar Sahoo,Saumil s.,Jean-Louis M.,Mahesh,syed azhar abbas,prabakaran,Sidhu"
"AFB5KJR4Q5FICAHBOPDPUTB3O7QQ,AHW3QBHDOUMXODZ4EAMHD5JMDIDQ,AGXRGH7DLS3RVFS5KWU4PGR3H3GQ,AFLIHOX2HH7S2OJAD63UAHKMY34Q,AEHBE4U3HD6G2TMSHKE7TNZYOWCA,AFHKIURZM4R62UEXTOCZLI2FPQ6A,AEW6K4E5A4RUWRFFUDINQE5WWBSQ,AG4LMDCRAAKD4U2FZ6B6N75KTHXA","Rohan Narkar,JAGWINDER SINGH,Gursewak Singh,Avii,Amit Sharma,Ritesh Agarwala,Rahul hardaha,Amazon Customer"
"AHBNKB74LGTYUOKPAJBSKNFV45CA,AFIECTV45ADX5YPTE2VU6ORRHTGQ,AFDUJI7KG7VMZF4JGJHV4DBCA4OA,AEUWKSX5ZL7DWOOYVDOWJKBHOVXA,AHEJW5MYVFOQBEXD6BIUBB3PJBPQ,AEM2Y22BKLFYL5BK7SC56Q75ODOQ,AHWDVB4OO4S3YS5RYQZIDBNV6BUQ,AFCEDQXVCB4LUUBWXRJS6KRU62FQ","NIRMAL.N,Manoj kumar,SOMNATH DAS,Harsha,Pradhut Roy,MAHENDRA NATH DAS,Naveen Kumar,Gopi Sahu"
"AFNYIBWKJLJQKY4BGK77ZOTVMORA,AFCTNNMP2LZLY5466YJ5AY3JE5ZA,AG3XBWOAL65DJSBHJ7LQ2K54HJKQ,AF2ZFMLJS4UBCGZO4FMJTEPP6MHA,AFBZMRHC4GXUU7KNAK4OBKORDF6Q,AHSIQL276K7X2UP72QOOOWNVRSXA,AF3D6X5NQWOBOEVVH2Y37N55AKZQ,AFWOTSQXCQJLZ653Y7ACEZADKGYQ","Prasannavijayaraghavan G.,Preet Sikka,Theeban Raj,Nishikant,Gurpreet S.,Manoj,SP,Ashutosh"
"AEO5FHWNOSFBT554DKQAG4ICBGFQ,AGIQ5Y7Q4MKZ542KKVFZLAIZV6GQ,AFD53TWXXCPJAYQJ7REZPW34AKKQ,AHBMHE56M3IAD7Z4KXUKREAZX3WQ,AFR4YULNFZZC5DJOWH2KNFAOM6BQ,AEP5UMK4KDMGZGBHBLZDB2R37OMA,AHLKQWAPXICPCSCIPIF6C6FOENOQ,AHTBS46SCEBGWK4SUH3FOQEORR3Q","aditya d.,Paranthaman,ashik rahman c,Rajas c.,Madan Tejaswi,Sumit,chaitanya srikrishna,subeh sharma"
"AHEVO4Q5NM4YXMG2HDDXC5XMBGRQ,AFZPH7ZAWX5VDY3HOBNYRDGIDBVA,AFURD6VVHRG4HZ36KXGXYUTVUDLA,AHJF5BZJNDLXJXSW74ZPLHGO7GUA,AFUS52CHEA75E2YGQ6SYGP3PKBGA,AGS3YC22FW2PCSH3I7ODDXETZ6BA,AGGI2H2AGOIX6IBDJRWULYUP5DPQ,AG4TU4LCQXF2XTLMMGMFTNWL3OOA","Rahman Ali,MARIYA DASS,Md Aftab,roshan s.,Mohan,Devendu Sawant,Shek hussain,Prathap Pathaneni"
"AHIKJUDTVJ4T6DV6IUGFYZ5LXMPA,AE55KTFVNXYFD5FPYWP2OUPEYNPQ,AEBWA5I4QFCA3P3OBEPMELBGN4GQ,AHMGAC6QM62UXNEOCZIHLHSXPP2Q,AFHROSCGIXUPV3FYQ7H5QOD46Q7Q,AEAMIR3CMSA32IDEINSJKHRNANTA,AF355FTXYAKFH5NYPRTE7SL3WO3Q,AG5DWPD54QGSLWJ6QUFERLPNAX4Q","$@|\|TO$|-|,Sethu madhav,Akash Thakur,Burger Planet,Justice ⚖️,indrajyoti d.,Aditya Kumar,E.C.GEORGE"
"AFSMISGEYDYIP3Z42UTQU4AKOYZQ,AF5ILQY4KFDTO5XHHBJ42W5DXCZQ,AFBK3X6D3AHEHSYYXPL4L6JEMSLQ,AFNB6YVNGE6IT3AWQVSIG2TJ5L3Q,AGGKMIGXUM3JRNVY7HZ3JHPJ7WTQ,AFMECPERM2GI2XQJSBWEPZKODISQ,AETPKXNOTUEX5GH7WL7XQHDR5M7Q,AERFCJ6BOMVO5YW5XM5Z2ESOIK3A","Ayush,ROHIT A.,Kedar,Haran,Santosh Ghante,KRISHNENDU,Harindra,sangamesh"
"AGVUE2NFN2MQEOQ4PR525B2ZI5PQ,AFO4M4BQ2WS7A3LPKJY45B5C7DYQ,AG6CREU25N6P2H7RCHNIU6GGJ5BA,AHFITGJEF76CXALJZLYP6OIC4EOA,AG54MN24SX3EMMON4AMBUNL74K3Q,AF3GETWWBGMLASY2KKNNBS2VO6DQ,AHEIPXMFMVWHNPLGUXUIV5XNP2SA,AFWQRBBVJWYTYUFQHUJE63S6VXJQ","Yashpreet Singh,Abiram,Aakaash Ramchandani,Amit katoch,Avijit Basak,Anirban B.,Dass,Gopalakrishnan"
"AFUT7ANZTZYGLXU65EQ2D5OP6UMA,AGT7YYJVUC6ZHRKQHVUQZMDNLXEA,AE7OMK3IQJR2U2JZE2HQ4BKSPA6A,AGCRCU432TIF4J2EL7GBEWOIULGQ,AERQBL3BISJQVHO3RLOOA4HKZX5A,AHIWNZ2HBQAHVE4OWODM6WH4PMOQ,AH2347WTE3DZ3TIZUB5LCLZPAYEQ,AHIH3QL5XONYJWEXF7VKLFHZBDJA","ATHARVA BONDRE,Sujitkumar Thorat,Chandrasekara rajasekara reddy,J vasanth,Placeholder,roshan,Boopathi,Rajesh"
"AFYR53OTBUX2RNAKUZHUJ4RFJJNQ,AHR735YWWYFTQI5VGEEYP3DZPB6Q,AEO5NTPVZBDP7EHO2NOJ3Q6QPN3A,AF7S5C6MJ7XPJ26E3U3Z5TIWHRMA,AGY65IJP7XREWO3GUDT46474CYKA,AE2E632GMYL5U2ESNXOX5UT5D34A,AFHE44JRHYO42EGIWNM2GC75ZIJA,AEMJJHRL3DAOOLBWHIDSFW56MJWQ","Anand sarma,lokeshnist,C,SAI KIRAN,Amazon Customer,Jagdeesh singh,Kalpit Sultania,gopi"
"AHZWJCVEIEI76H2VGMUSN5D735IQ,AH2DFUHFTG4CKQFVGZSB4JHXSAWA,AGYTSAUTXMOPROERNJPXNEB2XWNQ,AF5JWNCDVWTXOFCICR6IYNOEQENQ,AEEFM3W6RGC2KDYG5B6N7VQXR4QA,AGRT55DXEGF2EOL63HOKKKBB2KFA,AF6R7AMFHIWTMNFF6WPGFDOF7Z5A,AEGXNM3XGAHJGUJ7MIFPE7QFMJHA","Amazon Customer,Govind Gujarathi,Vihari,shalem,Tejas,RADHA krishanan,Vasudeva Govindraju,Amazon Customer"
"AFA332YHUPB6I7KMME7SOFX5RKQQ,AH3LHRL5P4YAVOQQCH72G2PJFXSA,AGUUHLF34AIEIOE5KULXXVWKBCMA,AHWY6IG3PXBBJMLVFMHHKM25BVCQ,AEOKB3ECJUM6UQOBFKMEMQVVHL4A,AEYA6LQE25O2P6C7XV62XM3YV2EQ,AHMKSLALVS62JUHSHAI3FUXWDYYA,AFZIZOK5KDBOB5QCHUQRR2ZWUYKA","GHOST,Amazon Customer,A Vase,Mani Jha,Anu B,Ganesh Inguva,Prabhu,Amazon Customer"
"AGBX233C7B7D7YZEL7ZLFWMQKFDQ,AFKSU4D3IE4KNDBVVBEA3AHDD2YQ,AHJK4PVBRGDX4N5LYA4EKHULJOPQ,AFW6NV5N3FUXV3CNUACPSYC5AB3Q,AGOCMOZJWGI5VHFT2RZLTQFZLKPQ,AGX3GCRGFU4IHAJZRUP655EEGSQA,AEG5JOZOUBWEAZOGQQR6YDVPTL6A,AGUQYXAUPX5VOWYZTIWXMUIGVGCQ","Pravin Kumar,Maestrov,rag,Mukundha2good,Amazon_Shopper,Sonic,Pratap,Amazon Customer"
"AGHYCMV7RJ5D76UEZDZJPPEUGU5Q,AGKG3U55NSBTQ4QBDCGLUGSEEICA,AEK7TJPOW2SWCHCQOA7OEGXDZPCA,AH4QNGP7K2SO6FBWTS4Y274VHV6A,AH6CX2UTCOW6LXS74QK3TCQOHRIQ,AG4T75DAKCNZ6EPYPMKBGV6J54JQ,AF4GBAADHEMI3ZLPBAIZWYWN7GJA,AGOMXFNBIQBEWLN4JDC65FDPTBDQ","Rishabh,Amazon Customer,Darpan chauhan,Kumar Ketan,Amazon Customer,jayaprathap,Nirmal,Mihul pandey"
"AHMKXORT3VNMB75C3EUBYMFYELFQ,AEKJRELVNMICYPOYTKMVF52YX2WQ,AHQPBXZSJ3XZILPJVXE4BN7ZL26A,AGELSEJKLWPVNPXQ7DGK63PEQF5A,AGGBXJFPXZVOJMMB6MMQOPLCJWGA,AEWA5TH6PMRZXMFY5MHCIU2MNFHA,AHPDFQLNLMNV5X4QNH6J7IUMREAQ,AGKQKPUOEC3LQR7GHBQYAHPTU4SA","Pratyush Pahuja,Thiyagarajan,yeses,Amazon Customer,Ajinkya,The Scarred Man,KULDEEP GUPTA,Abhishek Thapar"
"AEQWVGESA7TDGK7KZ4DAJQGYH32A,AECGAMNNIMW5QOPOBXRYQAKMQGEA,AEA5X2W76STDCKVMFZ2WP7H7QFUA,AEWMPOUFVOFZ3WMJGHLOYQ7VGUJQ,AGLVW6SUWTW35HT5AYQR4CKA5IOA,AFSU7KWDY4KGQSFFCRXJ4IPJREAQ,AHS7DI2FACP3P3FNVH7263NLW2TA,AELNHGVCLQTWAEFDH244JJZZSVAQ","Verified Buyer,Avishek Majumdar,Drowna roy,mahaboobali khan,Aamir,PRAHLADAN K N,Abdulkadir,raja"
"AF477BP57JM7Z4JD4PYB2K33R6AQ,AGTDD34Y77OB36JNYQWQDN7MHECQ,AG7POKBSWQUO4VOYD4HDWYKMMJ4Q,AFZS6H2ZFJEJHRWIJ3IYL7V6KRPA,AHCYM2ECKI2MNOIDHDG4PT6IIN6A,AECZ4IP3TBM4EUG52BZAOQV3EKIA,AH6RQDXZYKAUPNBOYC4NAZERTFOQ,AFTVETL4HGH4KRUF4NXGJUEDPBAQ","Placeholder,श्रीPKजी,Gauri salkar,aQeel,Ashish Raj Arora,Ankit,Amazon Customer,Ramamoorthy Jaykumar"
"AF2IRSQZKMBGX44YDNUPYRHWXOZQ,AF6VSSXOI3Y4PZCNRJ3L27NCXPYA,AHQKC4MLLVOPBTKJFDBGTXFRKLYQ,AGX5ELLH3KJJ4CY2DJJOXDSOEI6Q,AGJ23TWSY6YFMAVSEAOAUEWO4QLQ,AFOHB4M2RWSUQ3SSZWPMD2FPH6PQ,AFVHKKOI25DAQSETPL7Z5W5SIVUA,AE55WJERHR4C7SEAIWX4JJHFSZBA","Wraith,Krishna Engineering,Kindle Customer,Deeps,Chintada Bhaskar Rao,FH,Vasudev,Done Chandra Mouli"
"AHUH7OYN3LAUATF5EGA575WCDI6A,AFQRX6TAM6CHKARXIXR25X4Y2K2A,AFIAYICSN46TZ373SYU2DLQH7MHQ,AE7O44O3ZCU6YCS56X4UBNSMN2DA,AG7KTA6KY5FALZELPIEMQBXP6TYA,AFW2YA3CWHADWVPZJRCSYJJ2O3YA,AGOGMKLERURWSCD4RIH53WPEVTWA,AHXAYZML25KY3YMOTME234UUGWXQ","Anmol,Vani,Tejas Jha,Rishabh Gupta,Nik,Harsha,Thota Srinivas,Lokesh"
"AGDOVGWZKEQ3M6DA2GHV6WUZT5SA,AGEUXHN7U2Q26CM6TFOTW7GZXFXQ,AHYXZVXUY3QTBP7IBFIUBSZVH2XQ,AGO4OKG6KVBAAE52Q62JBKHRDFFQ,AGOARJLTS744KQC3BTKT5KQVOJUA,AF6XISKAQXTX3Q5RUF2M2VKOJ66A,AEP6PYK2DLTD5UCMURSUNUE4IE5A,AHJSNMHQQWE6LMFRATH5LLJBQQXQ","Abhishek Kumar,Arun prasath,Naveen,Harmit,Placeholder,Precision Engineering,Senthil Kumar B,Sasikumar madurai"
"AHRUMHBZ7IAQPLH4W5Y3A6HLQFVA,AGSJW5TCLJEKW4HAJAA4XRRNDAWQ,AFPK3KEV3ZSEJ7K6U6C3LERQ2E7A,AE43YOKQNGCH4SSBHBYFXDSPX6YA,AF6UDET5A7UZVF6X6PLTCNPAG2JA,AG4NQECOQ6XL3YXY2ARSILF65W6Q,AGQKQGF2M565PCZ2RPUYM7HIWH3Q,AF5PAF6QWH67HHLGCH6LBYQJPPUQ","Koushal K Jain,Mathew Jibin,Jeevan,Hemanth J.,Rajiv krishna,Mohammad Thayub Pasha,MANOHAR MALTHANE,pragati"
"AEYHTCWWZYU3JQBU6SLNFFT3OMVQ,AENQPV63OVBZHJ7L7V37M2ADFY7Q,AH7J7BCTWAMK2REWT4AMA2V5DPUQ,AFZSC27UUKDN5VYQVMAPYZNQTULA,AHM56NVJXROPTI5WICZITI4YAZAA,AEWZZXQWEU2QSVBCT7AJQ3FXMZWA,AFBLTBDVC23HRPXW2OQ2JDV3BNNQ,AGCX23QVQFBCYCAUWQNM4YHMKMQA","Shiva,Uzef,kottala samuel,Renjith,Dhivakaran,Mark,Utkarsh Tripathi,Vijay Sreekantan"
"AHB43CZ4RHLJ5S6CBOWX6MEI7J4Q,AHP24JLRZ2DTLBEX22A6DVUJDSBA,AGLKKKJCKHZ32S7MCK46JWDZ2A3A,AHXCZCBKCKFAOJJ2GOCQS3OKPQOQ,AHZ4UBDUCUMY6IGCR67LB4P5RBXA,AHCGV72I3RKXOSSUNK3SQOB677NA,AFTCOTLY72MCSV5WHMHSZ67ZZG6A,AEF55HUCR2L3DMBXVV4SGD55JKIQ","Sameer Patil,TechnoLoon,Deepti Rawat,Ajay,Sagar Rastogi,Gangadhar Rao Nepa,Jaydeep,Rishi Kapoor"
"AEM356PVXFHAXWV56KDO75FS5WPA,AHVTFTBEBRRJCG72ZG7ABDNQSAOA,AHFTFGF2YB5ZEUB3NC3KOBGZBG5Q,AEI36WUCG27UYFAGDF7HX74VEGIA,AGW3NGXVSGUB34Q5V6ACANURQMGQ,AEIMBDWSM42YEDEE6476WUXFZJHQ,AHM5MCT3ZO5Q2MBYZUDB6UI5AXLA,AFTPXYKUNENYJVDOC55L2CJXPXFQ","Paul Joe,Simon Rex P. J.,Santhosh,Rajat Singh 2,Placeholder,Jay,VARUN PANDEY,Jai Jyothir"
"AE47XF2766XJOEOI42DVP2HMB4YQ,AH6JPV326WGUKC2J4EGVP3IN6ZLA,AF4X3QT4KW3DV2HUMQVSOJDISOOQ,AG46FAHE6KV3OQCLJYKRDZWNNYGQ,AFG6OH7UYU5ZITX4NE2KQR3DX5SA,AFCZMUBZNRVRW2EJJKK5PN2YQZVQ,AHDMHAUOY75NWLNOF3X4UPNKXFSQ,AHWCWBYXHX4QO7ZOFUYIUFTTAJIQ","Amazon Customer,DHONDU,Saurabh,Promod George,Ramesh Haran,mram,Placeholder,SHASHANK"
"AGA2PZGWMQIRA46VYOTICFE7KCBA,AHI2QJ4CLTCQWACDIC2LDFJPDAPA,AEXAFY7V2ZRZI2GD2J6KDOWBZUBQ,AHAEBXTXQDY355AGFMFX3Z2VAAUQ,AETRIARSUFSMNG5LFJZMW6CBJMMQ,AEHQQTEDMSXRGSBDDEIH3JF4AOMQ,AGMG74N6WQGI376W7GEJJ4XD3ARQ,AG7QMBEFFY2LJJKKEVWMJU2BMNRQ","nilesh,EAGLE,Manoj KNS,Titus P.,Paras singla,arun,Ankur Awasthi,BALASUNDHARAM B"
"AH5G2FWQ6AJBXK2IDCA22BNQTT2A,AEEV73PQDYYMSQSW46LQMZ526YVQ,AHWB25RGISH5XJ2YQCR4J6FDBPOQ,AE2PYPC3OF2HEF4NCE63FBFFFOMQ,AHYUM6XUA4K6V4QEAPT5MLQQIDPA,AG6U2ZW7UGA562DK4W6NVANEMKDA,AFALQ6JKOEKVRVI3BZ2G5PJ63HQQ,AGAXJLX3K3I7WQKQA4Q4NT2IJ2WQ","MONTY,Qais Makani,Rajat Shuvra Roy,Amith PJ,Dheeraj Agarwal,bragdishwaran.u,Amazon Customer,VSR"
"AF7IXQKBUL6NEIQG4R53LMJJUGXQ,AFODI4XXHXHBFFUHK7N5LVKWEXTQ,AGNONTMQDE5KLLDEEB57Z3C5WAEA,AFW6NV5N3FUXV3CNUACPSYC5AB3Q,AEW6KBDGJEWIOQKAW3FP74GMV6TA,AEGT7WPGXXMSH5J3LZLL6CPJ7QMQ,AEKCUG7WMX6KMP6VFBWI3ICW5CBQ,AF2544C4RGIBQX7Y4JMKMSMXMRRQ","Neeraj Vishwakarma,Siddharth,SD1908,Mukundha2good,manjunath h,Vidhi Nigam,Amazon Customer,Tarun Gupta"
"AHDFR3PDKEBV72HXRL3RJJLS3YYA,AHYUZ2BLKNN6UJLFYWCXCEFZTOVQ,AHBST4ZJ5665DV2TCR4W4J2OI3DA,AGHPOFCHZ73Q2Q2IFTCJLUSEL2NQ,AHOMYGLSLJLCOT7Z24PZSVJY3LJQ,AESJE2EZD7S7WOYBN7RE7ZF3J2MA,AF23GXF525XSMXPJBEHP4SPKOZNQ,AFX5NHAAOUKKENAT6GWNKY3X5YTQ","Anonymous,Sugam Agrawal,Diganta Gogoi,Amazon Customer,Saigal84,Sonal ashish,Arbind Kumar,Neeraj yadav"
"AFWJSD4AVIM6DC3YA63G2QPENQSQ,AGKSW3FNH3REYN3OKPKJN4KWXLMQ,AEI7HJU4RFV6NR5WSRDQV5ZSRYSA,AGFN3SLEECW6DYL2CVGLIHJCVVHA,AGY7ZX7WDDSGAZJBPPS3MCIL7U7A,AEX422U2J6S45PAKDJIFJB7WNVLQ,AEHU6ETDR7HVQOGLKITDETHZEO7A,AE7VL5JTR7ZZ67UPBM6KP2NYEOYQ","Arun verma,Arv,Aashna Nasta,Harshitha,Sunny Panchal,Snigdha Mallik,None_123,Ravindra J."
"AFIU4APGHOFMXEOVMSQMYKMZ46QQ,AEOFYPCJJQYCKISUR6EC66IZH23Q,AFZSMXS2MILXOSTT2ZEJDE3W7TLQ,AFREYXJZFUSZT7YHDJ4JOF67O6VQ,AGMQDZGGSEBXX4KBJOBAGIFI36OA,AHJ7INNUX3KZSEZRJKFMRJAX7TZA,AGYTCTSUZJJZTK2XVADTQI5MYUFQ,AFZHLQMILG47ZESR5TLNB5QK66HQ","Amazon Customer,Yousuf,Raja Laxman,Pooja Thapa,Selva Vellingiri A,Nikhil Padwal,Bipin,sandip"
"AF36YUJUEUU3SA42PFAULM2F5RYA,AESE26BMILSD6E4AVO3YM76G4UPA,AFFB6IUQ46CEIYZ2U7OAYVKAL5RQ,AGHGLXUVEHN4NFA3CCYIUFWBIC4A,AELBYFRFAGLMXQQJKVDUWO7QX2VQ,AHF4A3ZGP7G6JLXAAJ77O2QDJSEQ,AEGZCGGDNS4ZRNPG3CDULRVB5Z5A,AE4YGDAAZX7ZDDGP4BTONW72CMIA","Vipan Agnihotri,Hitender singh,Anuj Chauhan,Mufti Abul Hasan,Amazon Customer,MDR,Jai kumar,Rohan Wakade"
"AEOM4KLP4SKKVSOCAMP7ORLGPGUA,AE4VKQV43AJEZDWE4WVJWFDY6RVA,AGAUULKME2K6WYOHPLL5XT5XLQGA,AFP5TMKVX6PTNYNMLHFCVDXCTN4A,AGNYTWD4ORSSUWNGICU3TRNRMRIA,AGQCT5HPQJXUN2FVZNCBSEQIYDPQ,AHWMHRT7TOMXLYI3XYM4K4OY3NEQ,AEXIFRBO4546MRMJHYKE2AH26VCQ","Jacob.,Dinesh Ahuja,Ashith,Pravin Chavhan,Anil kumar sharma (Lucky),Customer,Debashis Sengupta,Sridhar"
"AGH3POHLPXABF3I4ASSGTRXAUPPA,AEHVZHMJQYG456XUPYSWK7PWAJAA,AFBPPGDHU5S2IR5WEPYWGR4ABK4Q,AGEYWCB2JWQR7C3RF2SEK26PTK2A,AGWXGUALH6VESAYTZGWBZBUDTWFA,AHCG74BCEDINDMRYYF2QPYY3OHJQ,AHHGEASO3BOC2ET23MDU64DKQ5OQ,AF7TKY6E2EO7NSSPHFYFGE4FJDOA","nisar,Pralipta Kumar Sahoo,Vimal kumar g s,Amazon Customer,Amazon Customer,Amith Kumar M,Ekant Sharma,K R S"
"AFDCSF36NJYXASQOJCQWFQTN7SDQ,AGHRDOQP7F74DK6KEXSY2NLLKZVQ,AF7HUEJWED3ZUCLTT2MNQDL5BQOA,AH62QNZEYJYC6LNXAJ4BXL6JZZEQ,AFMQH2YLIY5ST5VNIUADLQYIUNAA,AF5TLUDL3JKYZS74QEAMDMPXC3ZQ,AF57UETI4YHWNPSAOF2OVMNVV2JQ,AHNI4LKKPLQLDFCWJZ24SX4BGT7Q","Arun S.,Jeevan Prasad,mitesh,Tasmai Agrawal,Parvathi,Mohammadnaeem Surajwala,Suriya,Amazon Customer"
"AED54H4JXQGZT6GANH6PJN4SNU7Q,AF652OHBGHAEER2HLOH45T6E65CQ,AFJLA3VGFKFSX3VC6UC4ZAYVR4DQ,AFGQN6RWDATMEVHEO5POPH6VYFRQ,AENYOOBQJZGYT4GNQRR3YEKI7KAQ,AHKZN2KHHR7CQWCGJDX26C5TBHXQ,AHMJ5EEDULQII3FGSNR7PSHQABVA,AEA4764BEJKLL5UEYQ75K6TRRD3A","Periyasamy,Madhusudhanan,S Salman palka,Sumit,Syed Amir,Arun Nihalani,Gaurav tyagi,LK"
"AHDIDVECFGA6OQRNUBPUO6366UGQ,AFSII6HTAHTHGXERUNDOISNWZUNQ,AF64ON4HPPVD43H6PK3CHPTTYSSQ,AELNBR4H6235Y7NVYNCGNABDIDFQ,AF35OXRSRJ335IGMNW5FYCJDLHOA,AE3CFONNMANNC5QPYIAXV67EUYUQ,AHCWRQHRUAVMTMUH5NYNB3P4NWEA,AGKZVBLHK472MSGAAUABFRZL7SYQ","Binu,Sabjan,Ramkapil,User,Amazon Customer,ganesh,basavaraj huggi,Mangesh Borkar"
"AF42EMTPEJAL4LNEPPX77TN77UHA,AHBMZRY43T2GTYDVNFMUVASIBTPA,AECCRE6ZTCPFGPVWDNY3IYYHCMOQ,AHOURK4XKLPPC4VHEDJ25NP64NPQ,AFC5K7RQQYKFB5PV47KAX2CHVIIQ,AHEVOBT5PFXMIS5A7GAXRG52XARQ,AHNOMOD65QU6QKFP3AMH5QPGQO6A,AGN2VH6RTYG5CM3YVH34VGYJFO4A","pruthvi natraj,Phani,Amazon Customer,TechDevoteeIndia,Devanand S B,Anuradha Banerjee,xxxxxxxxxxxxxxxxxxxxxx,chintan"
"AEITVIFC7WZAEQDIVWPB4KUGKLRQ,AHQVFZCGAMMHEBBOY4SXBSRF3ZDQ,AECB6RAIS3NCSRCNMUWNZAQARNMA,AE43KS43Y6L62UBGG6K64AD5OISA,AGCBWB4YSTCDFAERTYIJ52KVW6EQ,AGPWASWUND4PQYWAP6ICZEPQCWZA,AFHT4L657CBTBKZ2UZEYQBAROXNA,AFQEZSS2I5IGAKZY3Y3CGDZLCJIA","harpreet,Y Kiran Korneli Reddy,Kadir,SP,Mr Sab.,Rupesh Singh,Abdul Maktedar,Anshita"
"AG6WSLLXZY52HSQUY5PRCXTCYQYQ,AHGJ2DNFP3OJWO73XW2R7TDXI7WA,AGIC6PASSVB4T3KTZHK6ADD23GCA,AH4TEK5IQCC2BSF2KSQNKQEXAPLA,AFJIYRZTBOJBOWYQ5RNA36DBBXOA,AGCRWRS4RJYVGVKINV3VAR4CGDWA,AEGPWBXEAWPF6XRT7EZJOYJQA6DQ,AF5BU6DZ446HN4DTCO7W7AWXBJBA","prateeq,Suraj Chand,viswanath Raju,Ramamoorthy,Nitesh singh,Adnan,Kailash,Chandani Dinodia"
"AF6SKHWKK53BMAI6UVJA5FJMLK3A,AHIWSTMUSIYZAZQAMOLMPJHR7NMA,AHYDC5KBSNP2LD5ZV5SXO3CQSCDQ,AGACLGW4IBQOHLA6UJBIUNGVBRMQ,AGFX4BFHOC6FXDFPD2O24RCD32NQ,AGMXX5UGO3VXFAN2HOVYOWQYTRYA,AGNGZAPY5HMB7OOQAXQ3MH5OLVSA,AHR4VQLVSWORK3A35U3QA6IOEEBA","Thenmozhi,manish,Brajesh Jha,sushil kumar,Prasanth,Vishal Mehra,LmcX,Prashant Parkhe"
"AFXQSBDW6232K22UMJWF5PMYX5RQ,AG4IENR3HNMEINBTJS3PET6VQY3Q,AEYIYXI67FZ3H57OBTA2BGZBGTHQ,AFUSP4NL7DIIS7CADTLDHGFLNOMQ,AEJG6XAZFMVQ7NRKCXG3ZCC3DIVA,AFIS3N547NISE4TGX3YU6F4X2AGQ,AGIJM2HE6GKI3I75OJ7PODHPP67Q,AGNXWXFWLOYZAYJ5PRIM2NB57E4A","ARUN KUMAR A V,Ankesh kumar pandit,Pradeep,limugha sumi,Amar,syed akrampasha,Ganesh, Tamilnadu,T Karthikeyan"
"AGZU6C2XL3X2B4NEWLQJDSJ75QGA,AHY62YAUHMMGFKSBGCECVGKXY2UQ,AEMGDIDXCHHDMTAJHRNXBUWISFQQ,AHQNYNRXESALGWMUFS6ITFGOVGMQ,AH7GOHZT6M5G6ELWPDTVZVKRZ7ZA,AEHIRIOGHJKVTFYHFZVQ322CMZMA,AFUU5Q42TD7WLXRGKOBMRGUZWRFQ,AFUV6WMMWSY6UM3P6ATQ6SME3H7A","Prashant Pradhan,Raghavendra Shetty,Shiva prasad,James.faihriem,MANI TEJA,Christopher R,PG,Gangadhar Kotapatti"
"AHVZCQP5SYIVGZJK4LRP55ZXWETA,AF6YDBL3KYIK3LBKKDIHUMOLKN4Q,AHKL2U5BIK4ZODWORRJ5RWNLL2TQ,AFKZHMXRXMRTVZLMHATTD53AVKRA,AGFTWXF3QWIHMPN7SMTSHB6HNJ7Q,AE4G376L73UNPWICYOSYO2KNXYJA,AHGFA5MNVOFDMIL3322YZ6IOA5VA,AGUR3CFYVZUMDJQIESKOIQOGV7AA","Hremant,Anjaneyulu,Madhav,NOTTADRIS,Deepak,P,M.SASIKUMAR,S.Suresh"
"AEOIHOJD3O5MYSVWZOBDUJGYWZGQ,AF6LAYTAGSTBKL2QUF3WFB6OMCPQ,AHKXH7KSF7CPJCJMHB6B35VPTETA,AFELQLNWTS4QJNCCA4ZDTWHVORJQ,AGGE54AKRMX2XMQWQQTSUOPL7CHA,AG7ZAJNX4XZ5LTA4NLWBHTCX2V5A,AGYSVNZMQT5LOVKHSCYDE7OAPKVA,AHAI6EM7F7W3GV3SUIDSKWTBJOSA","Ravi Shankar,Prakash Luhariya,bhavesh sabalpara,Anup Roy,Hasibul seikh,Manoj Kumar,Amazon Customer,DEEPAK  MAZUMDAR"
"AGE6O2NLNA3NUGORPU4SDK2S23QQ,AEXZDEFVFQ3LW6DKHRGXLPWF63DQ,AHU4FNYTFWSGG5TMN53LED2U7X2Q,AEH463ZLT7U67XS3DWK2Y27GLVWQ,AGOXDFXDUHGRNK5JD2YNYIZ72AEQ,AEDLXBJM6UISEM4SXR6YUIY4KNCQ,AGHUNVKMP4YTSSYUDMEX3JJJ5I3Q,AH5IBUYCUMQE3ZLKBJ3PLWNMXDIQ","Satyanarayana,mohd irfan,Pankaj,Shirish Shivarkar,Thomas,datta DG,NB SHOP,Vijay"
"AEGZSNGSJJAEMJ3RRNVZTKUILOHA,AGX46OTZ7C4VDXH4UA7ZAZIZUMYQ,AEDLLY6JXNCVYIW227SBCPVYHNUA,AGTJ44UNO6K5X567YLQPYGN3TV4Q,AFYCBABBI2GCQRSCKIRHPLQNO72A,AG55XGEMTFKS7BXQTNFKHFTMMW5A,AGQYGAK76B74HUWOOUOFTXH2LAZA,AHFHIY2KE5PQIJ6H7PKV6N7OLIZA","Vijayan C V,Sanjay P.,keshav,Dharemesh K.,Amazon Customer,Rajesh,Sagar Yadav,Vaibhav"
"AFJVYK4FXVGRSTSLGVUE5JGB2NVA,AEVJIJSEUXPBRKOQ2PB4JNBUTFRA,AGRLDCPA7VJZZTV4GUIODVQ3DTHA,AEUDATTJUCKFQ5ETVLUU57ZZ3XXQ,AEGR6ZYWXPEZWM7JUEBWQHAOPS2A,AEETOHX32FYDRI6SIAW7L76Q2NHQ,AELSOXQRZBOFSSY4HJUR4Y7ASQBA,AFJ6ALITTDOSUNPSFLRGDVIAEWBQ","livin sebi,Anand k.,Rahul Pandita,Fazil Mohamed,Steve,Shivasunhith,Varun Kumar,Advaid Haridas"
"AHH2TIJJ2IGD5H3DJO3FROUHRRSQ,AF37X7ZH7JPA6H5Q64NV6QFIBCYA,AFKT7LV4XE6XJ2VTHCBHPQECW2RQ,AE7GGDNBOHD2JQ2X5JPD666SAQOQ,AENNAVVG4GBJKDQKJXQUEKQKTXGQ,AFPSO7EYQBYVEJGD4TAT7YFCM6UQ,AFV5W5BR6PKGHPIG3J6TNFK7BSXQ,AHILALAA7Q6SQRTFJVLT75P37FXQ","Gopal krishna rout,Customer,Amazon Customer,AMAN KUMAR,Amazon Customer,Ghanshyam Hemade,Satyam Pandey,Amazon Customer"
"AGU76WKSU62DUNTPCMTC4FCUNRTQ,AEOVR6JEQTAC77BXE5AJMWJGG5PA,AFIFHW5QMFMTWXNZ2JORBMINL3CQ,AG36G3XPHERLKRDG7XYQ2IWJWPIQ,AFEOAY5PB4XEYIOL6DY5WJBOYSKQ,AF2EHSXFZWWS2YEN22DV2ZCJDZZA,AGUFRJ5TPSUUBZBNRWHDRJV4VMQA,AGYEIMSVEDOLA2OV3DIOGX2IMCBA","Actual user,Shanti lal Gurjar,Gowthami,Amrut K.,chetan tandel,Mwnzil brahma,Amazon Customer,Karthik"
"AFRONQAZPYZARLWLDQM2VXS7ZTIQ,AGA5INGXTDEODK7X55L4WXF6DJNQ,AHTI2CPD7SANQV7GK4FHIKCWJ7VA,AFUYGZVKVTGAEIOV2UCYF5JPXSCA,AHFVYKQ2L4PSG4EKGA4GLQKQT2NA,AENTXYVP4NNTWTHTYFRTOOY2MEAA,AGJS36PNW27URDEUJGCT2OLR3Z6A,AFG6LFTPXXKNHXVGXPDM6P3CCAHA","Nilesh K Salvi,Amazon Customer,Wippingstone T.,Nareshkumar kangula,j.shahulhameed,martin stanly,shekha p,Paavanaarun"
"AEBHZQJ4R2TZ57GOCSTMIP53F4JQ,AHSESHUAGEFQ62M3KYV3EK5K77FQ,AFB3MTOE4VW2XO6RTJGIWJYH5OBQ,AF7CJCAKRIAY4BVN77BTSZYXXIZA,AHW6UBYJXSPOMQVGP74VQ74BO55Q,AGIAEJN4RPI6Z5ABV733VJMBUZLA,AHUELVJPFM3FEIMF2DE7OTNQD5VQ,AHPVTM2FDYB3YW3MXB523JWJTLQA","Vinay,Amazon Customer,Naveenkumar Vemula,sumit,Ajay,vivek rajpooot,drravish,8309-873146"
"AEC5PUIW4OSIDDQED7WLXG2S7TOQ,AGVXOHPJT64ZRYKHIDKVJSJGK6CQ,AFQHWSQ7JR7VCM4SWXXIOB4V3VDA,AFXWZKJCBIHCQFOR2RFYUE7UQDSA,AGD7VGYGPRKMQY3XXC4U3XIDF5CQ,AH23AKG5YNJYJ4Y6OYI5H6UBQMLQ,AGKNJPIVMVEHKL6ZFBAQ3CTFZ2KQ,AFR7B35PQ2DLHGMFBSCRIUUVLRWQ","Dharminder Singh Singha,Gnana Prasad Gopathi,arun kumar,Hariram,Santosh,vinayak,apparao saripilli,Neha Chaudhary"
"AFZBEV4BOWGRSEH2PK7D65ZW66PA,AFXQ3YGENWMRX36NXEBSR2ROPG5Q,AHD5PGE5RBBE2T3G427T32V7OROA,AELM6ILLTWBSXJXOKMNA2GM3DTKQ,AFXYY4Z4QM34XOLVVYKZSNZGBBBA,AFHZLQ2Q3GSCQCWMF4N66DXXVJCQ,AF62LB4BMTMNZXCHTSXSEKCXZFLQ,AE5KLF5JEOL4PMUGKERILYLPDSNA","Naresh Patel,Bhaskar Reddy,Vipin Thakur,Ramdas  Tryambak  shewale,Aijaz Ahmed,ankesh verma,Rakesh kumar,Devraj Nayak"
"AHDJJLKORMH72SSEBWOVAKE66EHA,AHEONKS6KOZ4SIOZNOLYFGQBXU4A,AEUPILALWUFFD34CNWRYX4PFQKSA,AEKWBYGLEXUNRAJKVPO6HMF52W7A,AETM4APJU6TQILR5HKP3CSPYQL5A,AFOGCVLE7W7ZM5OW3XW7JXCNSIVA,AFLFHQMJXDKP4FNRZVNDLBCI7ULA,AGLH5KPYCT4MGPQ34MNWKLR6NXEA","𝕵𝖆𝖙𝖎𝖓 𝕮𝖍𝖆𝖉𝖍𝖆,palpandia153,Arvind,Nithyadhakshina,Basha_Neerati,shaker,Amazon Customer,D Ravi"
"AEXK37TSBFHSP2TYE63YPKETWQ7Q,AEKMVX2VDNNX4ZFXI67SGKMJGZAQ,AFEIIEKX6JEHS3CPGCSIYLGCNKFA,AFDYUQAM7Y56P4R5CREI5OBPHSLA,AGEPZSRFODWZ4XUTXO2HNWLJIMJA,AH25HG24NISHLQPFOZA77WS5CUFQ,AFZ7US7H622UBLYL4ZX2XEHT7FHQ,AFDDH5QGUJ2NHJZBIAPEQVUIQCKA","Sunil Funde,Biju Abraham Thomas,Samir,Rahul Sharma,Avninder Singh,Tribhuvan more,N Patel,Bhavy kachhadiya"
"AHFENRYJG4LPXDTUGEMG335VICSQ,AGSV37DJ5QTUYOXFJNPD4W7GXVFA,AGDEVIAYABTMIJLTYWTUS5M5VBTA,AFKDGUQ5TMGT3PXBDHAWPRE5CACQ,AHWENSYYF2QDH3EX4REMVGBEMMLQ,AGJOGZAGBMX7PBCUAILD2YIM5MAA,AF5EHUH4GWB7JZ3PZ53Z2DOYK5WQ,AHHT4VWMFYSASNW6RH2Q65C6YNDA","Nadhiyarasan,Saurabh Aggarwal,Dibya,Sai Sriya,Sayed,Bhupendra Verma,Yash suhagiya,Manuj Patel"
"AGMJ6TDLOVZIR5ZU65TLJFSLG2BQ,AGPK7U5SHXBYBXEWBTRCIAZSB6LQ,AHXYETFF4XMSAI4VAHP24XL5SSTA,AGMUJCTMBNQBOGHL6UPSSF4KSNUA,AGEUQD256CS42A6PDKDB75VZRADA,AHGA46UDDADBRAB5FOHX6XY2DBVQ,AHUVYZMQ6PWI54UXP7SLLS4ZU46A,AHVS66CFEP5AXDC35N4ME4SU4X5Q","SQL,ARUN KUMAR,veer,Ravi shankar,Shivam Kumar,ramesh,Bibin,Hem Roy"
"AEC4ANXPPWN4RV5YG4JXEVPUXTHA,AGDQOOPS6XJBBWHH34E4NJJUCN6Q,AE7QAFZ3XNWF3O4BK4WIGFB3JGIQ,AFVQ5YGAAENELAHUFPH2MAVYIWTQ,AHTWP7R2AL6U4QIX73CNJ7Y7BBDQ,AEHQERYQKTKY5OMTF5KOWEIVCSQA,AGHYPI3NVH2LTDBF4N7QXV5CQEVA,AHCA5SEFUQQWPNVIGU2QCAWNMDKA","Vivek Ramachandran,Pavan,Rahul,Push,Yuthika Losalka,Biswas Enterprises,Akash maurya,Prem"
"AGACKHUULXIV2SLNKKA6GWQOP7JQ,AHX6DQRYIJWTTXZ22B35O624OAYQ,AEH6JRDO3GFF5AKVH7SZUP2UPNZA,AH4UFMXJR52M6C4NX7QU4XASBENQ,AFVGMSHRL5NQJERZVEKY4JTQ26VQ,AEQH7UPNWWVMWQAZ2TKCXLZNLVLA,AF2IITAFGAYGRB5HXE2INA4YXL5Q,AEXRM3SMHD5HJC5BMNDNQSEMGLYA","KIRAN BABU BIREDDI,gaurav kumar,srinivasa reddy t,Ram Allways,uday ghatak,M Daniel John,Amazon Customer,Amazon Customer"
"AFOYOG3YKIOLPTLR3RZNRGUHHEAQ,AENFRNJLSQPJICHCPKWOMUBY6RZQ,AGFJSRWCBODKCJT6UZRNZJGS7REA,AGEJSKUSIVTSJWJU7VP34MUN2TAQ,AG4MIJFPUX7ACHTA37OTFR2POWAQ,AGKBVK7XMXHCSEHT2ENTPCTVRBIA,AGGNPDA4Y5XGITWNNOOODFOYXUDA,AEUAAKEA5FFOZ66HNIUQI3OJQDQA","Mohseen Qureshi,Karan,Pranav Anand,Muthukumar,Banda Srinivas,ONam,Sudhakar P,Ben"
"AGDR4WFX53YFXTBXAHC65MMBDERA,AFOEBFZC6LMNNTBEC22LCUGEO5QA,AGDWLF5AV4ORJG6IXPD65BSQ4WHQ,AERP2HDU5NDVDVWH2VDXZY3ITHRQ,AFLUBMW56L2YZFC7R3RZVLC7YGAA,AEVQ23BWUEEHRN4SPRKHA57N6SOQ,AGYFSXQSHFHYAB4GM2SRCFCQBFQA,AFYFP2TSUS4LLHR6CY5NJQZZIG7Q","mohamednathar,Amazon Customer,Ashwini Kansal,Gopala Krishna Reddy,Doctor eye,Anierrudh S,gaurav chikhale,Sandeep Kaushik"
"AH5JH2QLZDYXTHIDXBBLTDHQUALA,AGY6OOO6NIXEY5CJIHB4LUUUQJLQ,AHCJ2GWM5V4XDOBLR4UU2RV4ERKA,AFBURR5C3CR7XL4WPXXV5ZEDDZPA,AFWFYPM37ORBVNKGLW4EETQML7TQ,AHFT6MCOAFZXAUNCYQYPBI7YYF4A,AHA2QGFQYDUQ57OW7ATIM3QVTIIA,AFI5YRB4PKR26ECAXNTMOWMXMEQA","kishore movva,Nithya,Balaji BG,M Shafi Bhat,pooja,Showkat,Anuj,Royal"
"AHQC27SWWMUOTO3W7NGIG7KPX2AQ,AH3ZNJWSAOEWIBD3NFLGHZZOOMIQ,AFAFMRV4L35642NQMP3WELYPQ6ZQ,AG6GKJFYOVO2OJCRV73FBUIBAJLQ,AEWU6OTDLIVY6F2UAY2UYYQSGOPQ,AFOPBEQ5YUOBWJ7TBDFITQFZSN3Q,AETRLRK4QNNUXN3RRQ7BWMBAFXCA,AFXO2ER7GFIH4WDPPZX6LRZX3X7Q","MOINUL H.,Jayendra Pai,Avinash kumar,Sreekanth,Piojeet,simam.mular,Sagar,Saumik Shashwat"
"AFKENW6K3CFMTD3EGXQCUGK5XWWA,AHW52L6QGPO7TTN7LC3B5JVJNRDQ,AGDOSBSPQWBNRA3G4IV3YWOVIOXQ,AFOTDDBZZITX2HTAZ7HBQ3I4BZYA,AEEXKG5AG3K2ZV5EDWTS44RP245Q,AGHPERSZ5ZUKU6VDRTYPQ3IOGQUQ,AHY6R6FREC2FHKQYBVIBR3XJKPVA,AFCKW7CNBDUGWITOVBVJGAQYTW6A","Kiran Kolla,Vishal gupta,Pranav,JS,Palak dadhich,8360101472,Pravin,Rahul M."
"AHDC2HUUNEL6GRJRX5TTOVKITONQ,AEBMIYML42WN2LWWZ4VIYP6IYPJA,AGMWSX5A6BMRWUFEIC4KPWXAJ4YQ,AGIBHP2JIWGT67DQJYQTYMAXKTQA,AE53NI5ENHBJCJOCII2GH6FLUOUA,AFI7P52BGRV2NZVRGTJLLCBGJC6Q,AHJ7V4RXBRFQB2OARDFFSNWHNIRQ,AGKCX7P476LO5R2Q3HYVXO2BCSFQ","parvinder singh,Rishikesh Gharge,Mattathil,Chettan,Gautam Chawla,T George,Manindra,Sunil Rawat"
"AGD3F3J523RVZPEJGZE7WPFJXONA,AFAKUEWJWYAKREBPXLV2MNKZXMLA,AGM4RYZ46NPKH7I2SDZXAUHSB52A,AHNAIWL3HMBBFWPLJWSHF5XIGJLQ,AELBEUEZY4ZDRRUYDKANK4BUZOHQ,AEVI32AU5HIKNCR3VPGFHSFDOL2Q,AH2YUV5UZMGORXEBW3SJV4N3V2FQ,AHUJ3IACIKHRFAYWD3TAKH3SXKZA","Ananya S.,Anirban Pramanick,Aashuthosh,Savita,Amazon Customer,RAJ,Avinash singh,pooja"
"AGHKFSJFKP7E3JJOXV3C6UPGZKQA,AFAZO5BDXQFTNM5IUP2X6F5XIIVQ,AFAZO3VRRBIL6DP5UI4B2UDILGRQ,AEBEUDL2VRUKJQ3R52K2SQR5JHJQ,AEYPXWWAKKOQEX2Z6HKEVFCYZ4EA,AHMURR4YBS77BA3QJ43PBIRDLLSA,AFAH6ZDWWYSXCWPETRIORFGRILAA,AGRSOPDTA7U5B4WO5BHUCRZI5KRQ","Pritam Roy,AdyZon,pradeep4uall,purnendu shekhar,Arun,elisha,Shreesha Mokhashi,Viswa Teja"
"AGKNFVSMZCSEFHPASWFBOIYKRZJA,AERBQW23ELEQZRWXWOW5EFQ2AA7Q,AE6T7WGZSJSYC6C44JF6AJLJDOCA,AFAI5BPCMNB5QLJ2T5WCKGA5U2DQ,AGFEJBFF3L7ZFO3MWAWARDIZZ4QA,AFGPABA7HWGCWXXWZV5QOIOZY77A,AHYITN5O5VRJ4GJVYGJW3W6TRM2A,AG67C3ZJMVIGQPZOJS5PISM3QF6A","Pratik,Amazon Customer,Abhishek,Derrick Angelsz,Prakhar gupta,Harshal Mehta,Bhanu Vardhan,Rajesh"
"AHL2CPZ63TFC3VB3RUVZVPFC2YZA,AG6X53SP2LB733ON4RXI3T7Y354A,AGR6UE4GCJKWO64UOIRUNFUGTL7A,AEIDO6I6DOUJAKJX6VR6C2PC6ETQ,AGI2Y5SCA6G6LPHLNAJOLCNAMEJQ,AFRCI27IITJW4I7XDL5GNZUQPZTQ,AHVKJVDTF5KCHA5NBPFC7QJAMHJQ,AEAOO4M764H7IQUU3CTHRMQBB4SQ","sameer Dubey,virender,Amazon Customer,Jay,Siddharth,Kaveri Pramod,Ravinder yadav,RAKESH SWAIN"
"AEIFMHDK4ETHLYWSV6TUFNSJU4MQ,AE7BNHD6PZQQD7K3OKFEPFHTISSA,AHPZFIJWLON23LU5RFVBJO4BNM7Q,AEV2GXFIZ3KD7EEKOE5URJQD6IFQ,AGOKXS4TP2M6LTNG5HAEMLCKI2IA,AF5KJPHP55XSZUUXSC5OJUBJ5RVA,AF4TCPZK5Q3JFGYV4MBARJLS54PQ,AH6AGSQLLH54UPSZGMXTOGESIEBQ","AkashP.,Hrishikesh, pune,ROHIT RANJAN ROUT,Sarika Roy,vijay,Dnyanoba Phad,Amazon Customer,Prakash Waghchaure"
"AHY6AK5LXBTGXDDXSU57ISMDW55Q,AGULFHMPCHCL32WCIP4GEGWFVZEQ,AFVZXMXYRXVM3VBDLGX45W34GQ4Q,AFT4N4FD4G7EYIOZIYP6KBRGU66A","UtdBuzz,Mukund Nagvenkar,S.R K.,Pruthvi Raj Goud"
"AFCMYWUZMOK6KHPFLL4DTRV2KHWA,AEF55HUCR2L3DMBXVV4SGD55JKIQ,AGOYWHMRBO7PSZ7ZPV3UH243H6AA,AHJFTFOH2F6NXLGSEFSVCLQQLTZA,AG3TB7ROWWPT3OD5SN5ZVSBYZ2NA,AH5MDQC5CNEJHNNNCBFSXIDCO6RQ,AEU4DZ5TUTNBTJHIYUDYHWXTSNSQ,AEVV7FGCQH4N4HDNGHICKQHTMMRA","Ankit,Rishi Kapoor,Amazon Customer,Chandan Mahato,Sagar Raut,Placeholder,Tapas mitra,Jaya jadhav"
"AE4KODYP3MGRZS2JI6V7ZWVI5CHA,AEEETBDP73H6344UQ5FJSUBNR63A,AEHKKIS4WKMVCADF6Y3HMR5IRM7Q,AHQWAOSKNRUVK7GN5FZJL3UYLV2A,AFJDUYYD5BCY5PU522GYHMVIS4VQ,AFQRUDMIIMRA32Y3JBUQNWFREEUQ,AGSMSIDW4O7QLQGWYZQQMDHWGR4Q,AED3V5KQXHYOPY3IL2CUQITIZFHQ","Rishi V,Placeholder,Benoy M.,Kushagra Goyal,Kamlesh Chugh,Manjunath,Priyanka Mukherjee,Krishti jaswani"
"AG47CSNDLDSLE7BQWBCUPL4IMBZQ,AERVJSFWEB7B63J46ZBDVGL4HEPA,AH7UKBIDDPO4XM2ZIT5IFSGEAIDA,AFVUB7JIZ754R5LHBFCOBLWFL67A,AF2XIRDLVIWFTUBDJMEWJOLB76OA,AFRLBEKPIN22S4K4PBHUJ5PQPI6A,AEMQUDDYUEXPRJ2C64I33YVVSQXA,AFHNMLRH3T77DAFEJ6UUIVBTMB3A","ravi,Raju,arun,Customer reviews,Anirban M.,Shaik B.,Ajish M Thomas,sudhir"
"AGNRJFR7GTAKNDLEQNVGQMRVURVQ,AGKFJL7J7K55WKEOE2PSU5WEXEAA,AFDHJS4AKUMVMWYEP5HW33C5NQHQ,AHA46ZPX4RCAEYAPE2XW7RQES5IA,AH4LJDHSBLPNJYLQGQ53EQ6DBVZA,AFHWTIWTNOD6HUF5VGHUIVQB3VKA,AGM6RW6V2RSFD5F6ILCN44YX4Y7Q,AHIMDVA5GYWGVLVSZBG3ZFVKF5VA","Rathod Lakhan,Manas Pawar,Gerald,SHIVAM PURE,SyedShoaib Afnan,Raj,Junaid shaikh,Suresh S"
"AFYFQI7B55R5LXO2D3JPD6FBNUCA,AEE6KWTJSN7EKGJ2TWFZCA6EGWJA,AHTJBJPYGGEWZQWQT7QJT2DPN7ZQ,AG4ZEZKMSPQD52MAAXWEB2PVXJ2Q,AGLKEDKY645GZ33OFGXHPWWFLXOA,AHOTORDSGF2IWSGTMZVAX56B77IQ,AFSEUS2I77MEWPOCPW77EOU6Y62A,AF6SQCFVW3FHWWPMLKQXFO5N2SJQ","Anand Tiwari,Dr Emes Malsawma,Nishant k.,Amazon Customer,Divyang Jhala,SeeCot,Amos,Dr Rose Khan"
"AEZDBVRL3E3S2Q2C7LEY3TTQVVFA,AGASCT5TE6VHAHRFTOBANIS3CEIA,AFHGWFMHIMQWZDC7MDWA55EBUZEQ,AH5QCHOEUTDOJFO6UV2CGMZU5SUQ,AH47N5DDNXGCIUMG3NVONJ6SERZA,AF6N6OWYE2EZASDJCO4BOQD7AFIA,AFET7BHXMVHWJN5AS7AR3VHLW5ZA,AFZL3ATLXN5TG5KBUMLEY2ABSMWA","PARVEJ MALLICK,Akshay B,URMaddy,Raja Babu,Satish,kapil,Krish,Capt Rohit Das"
"AH4LJDHSBLPNJYLQGQ53EQ6DBVZA,AF4BWMWZI7TTQY2YTE2HTHRB3NHQ,AGG22XY7PCKPZDT6352IVLL2H34A,AGTO2SOXJTD3K6T7WPUHCT6SUMKA,AF5CIA2LXA75JJFRVWLKGOLKZIHQ,AFVHCWF76EOX4NMKE2ZUU67CEOBQ,AGUZMT2E4HNC5VF25OWLAUF6KBGA,AE3GY55N5USCMWLS2JIO7CZFS5FQ","SyedShoaib Afnan,Deepak Gogia,stuartb4u,Ramanasai Rupanagudi Venkata,ABC Thiruvananthapuram,Aneesh Suresh,SunDeeP ChebrolU,harsh shah"
"AE2JTMRKTUOIVIZWS2WDGTMNTU4Q,AF4QXCB32VC2DVE7O3DGFNQVFFNQ,AGAFYHMPFGVPR3MOS4QAZLAWPW3A,AGNNWLEF6V57TKIFJM7SWHNFAIQQ,AFVIPOPKMOCVCX3CMXUJHMWDIMGA,AH6MFUU725GG4KA3XTALSTU2ILHA,AGQYTSKE2UBYARZYRBADQMX6BJPQ,AG7F66F724JZ2HIJQY7NOU5M5D2Q","Ganesh,P P.,anas,Dr G S Santosh,Amit Benwal,jaswant sai,Vinod Gahlot,Piyush Handa"
"AHY3QEA3CVS57POB64VVMQSPHHHA,AG633F2HW3BKLPJU3JCTLLLHWBHQ,AFU64BXF4ADZXV2SSZXAAAVLB7OQ,AFXDOEANKNDY342TWIUJUYEU55IQ,AEI5OOS434KUVK3SPKYEZMBJUB5A,AERD56GM7L442X34ICEOKG44MK2A,AFH5RGXHECG6OFJEKVIAUWKFYU2Q,AHOEADKKYXTHETSA2WOA6N4MQEVA","Abhishek Shode,Mahendra,Vishal M,Amazon Customer,PUNEET SOOD,Jasmeet,Rahul dubey,Lisha Dsouza"
"AHKTEC7ZVRWNAA66KB3V5REUQG6A,AFMYMI6FWPFSDK7KXBHB2D7555OA,AEZTUFS2XNNKJ5ZCNRLE5JWWI4PQ,AGVZ57S4TZDMQTXR67SMTWQOOKRA,AEJWYKZND5DTQQYR26RKWY5FWTOQ,AGBUVENL47YJ3NJFQJS2MKZC7NKA,AFI3EFAYZRL5L5TQXRQBQKWJQJTQ,AEQWP6WIVLFP2L3MSAWW3RENW3XQ","Denzil Varghese,Amazon Customer,Placeholder,Anil More,Rajesh,Mostafir Molla,mohit singh,Suresh rankhambe"
"AFP334GQV3WBH6XJIX5VITMYOH2A,AHAIKXSSOQ7R5GBPVSBR6VE72QVQ,AHTSXQI7JAQVYVVQE6DK4B2EJSPQ,AH3DODDCISNEXGUHYV4MRDQ3H36Q,AFNNLWHF3B35C5XQN3Y6T77GIJFQ,AHN73IF2MNKIJ2MEMND5ODN7XDFA,AGG44FGU5A2RZMRCILNFIV6SCYDA,AHFQGP45QKIEFKYOCYUH4DP63XGQ","Ravi Naresh,anup,Chinmay Bapusaheb Gayake,Hetal,Mageshwaran,Eswar,Gaddam Srinivas,Gautam Jethwa"
"AGLZUIR2UEQJFHZ6KGUGFYPYINNQ,AERVECDPABKJA75A3HLMML7JAQMQ,AEPQHZHEBKKLM6Q7IKBZNILWVCBA,AEXRU5ZQWDY2IGNVAFOF4UJQ6JQQ,AFBB545QU2N2BJW3PGXCROIDXIIQ,AEFANDDI6JRPXAGKHLQH2TV6A53A,AEA6472BE7C24EQJU3GKJNILU27A,AE2PQX6JEE6UW7QB6SNEYP3TAXLQ","Ranjeet Singh,Placeholder,Niranjan V Jayaram,Amazon Customer,Amazon Customer,Sudhanshu Shekhar Tripathy,Ac3Connor,Neeraj K."
"AFJXTHVSM4WSXPKINO6S6L4OI5CA,AFCTBE5IW6HOJ2ENFG5WZZNRBVJQ,AEQ5OVCZQLS52SKPGHUA2X3GJIYQ,AFVPAVVA7NTHCLGMLLSGV56WS42Q,AH44VG4ASUF7HIFZHFM6WAI4GNQA,AFCOZOXOMZ4PVEU323VFOLNOT6YA,AF2JRH2ISLR6MYBFP37T3NWBIMHQ,AFH2YOAAGY2IP4U62G4VZ6ABXJLQ","Amazon Customer,Jagmeet singh,Anil Sethi,Dev singh,Pankaj Jain,Haridass d.,Mohanram Baskaran,SDev"
"AF3IXM2LI57OSMIOBF55GYWRIYKA,AHDY3KBEOCPCYVEOYWZEYYPHAMUA,AFABWJZ3775SMVWMSWGYY4DDN6WQ,AF74JR6NGSLT6D6ZFPER3HOIV3KA,AHLGDWS4WYSZUEJTU2Y67QSUHV6A,AHX37NMZHULN3JJW4ULDOJ2RWYUA,AEVVZCUP5D2P4FWGD3AOPDGJJY4A,AG3NMRPAMYUG6GWM4J2RLJHFIBVQ","giribabu,Dhuna Charan Dalai.,RCLJ,Arun Gowda,pradeep,vishnu lal,Sagar C,balakrishna"
"AFQW4AC4GLYGQC4MXQWMGJM2FWRA,AGLLHPCKRL6U2U6U5XXMJ4V6ANHQ,AE5S2QIJPXDUQT54XGJVGPQJOTSA,AGBA37OJDBIONSXA6OYI5TCIQSUQ,AHZNT25EKPGFYYUQOSYG7E5M7WRQ,AHDNBCY5WEIZQ2ETHEL72TPHNGVQ,AG42FZDSEYZOQV7FJMK7BTG3Z2BQ,AE3EGIT22MVVMLV2BZBQAURWSF2Q","Swapnil N,Abhishek Maji,Dinesh B.,Sangeet,George George,B R.k,Tom,Amazon Customer"
"AEPML5IRZNUCCZNZDPAXESOPY6OA,AGFWXRZUB5TYEIPWSULPTK7LHSYA,AFUYCL7FL7ZSW4J7EI5DHXNR7NSQ,AEMQ4TSBHCLS2GHF4C4K3CHKM6QA,AENDL564LHLXLMAUI3U3D6KV5R5A,AEHF7TORHRTMJOSTX2KYEILWRDEQ,AFL6MZDS6GWY7546AYCY3Q5L636A,AFV56MGUGR7UTIGTA35IS5TUVXHA","Madhu Sudan Rankawat,Jegatheeswari,Jawahar Barve,SHIV SUNDAR,vinoth kumar G,EPIC,Amit,Navonil Dey"
"AFEQNJUAIGTASKXSGSUUOTDMOMDQ,AHLF25KDQCPPRDIZCBICU5XG7ECQ,AF3JF6J5KVUCB7KOGLU6Z3OE4O6A,AGMLLOV22EXPBNLF6VLGFTSABHHA,AHHHCRWKGCWA2BR7WNSBRHPS24JA,AHXCS37DGQHLE7RFQHFYPWGXZICQ,AE4W5ONOAXFJGV2L3AE72XWKSUKA,AFY34GSLURN6WLMJGFOGI5R2B6LA","Arun,Shailendra,SHIVA PALTHI,Harish Rao,Sushant Shukla,Jay Jayesh Chheda,Shivani Chande,Kindle Customer"
"AEDMOT4JJAD7UCEFLEA76Y526CGQ,AHEXPGZ2QS4MXA5LDPULZPVLYBSA,AGZXI6YFQBL7Y6ZH4JOLRETHVDYQ,AEHFMY2XIP7P3MZV6KHQVLCFKWBQ,AGXW34DAO3AACVXOXNHT66PCBGQQ,AH2MVSVVA6YZM7U4DBKDG2XBZM5Q,AG5LI22SGAIXYZAJXUDGHUQXIKOA,AGQEYE3ZA7VXHMGDQLZM3VL7DNZQ","Amazon Customer,Amrit V.,Mahender singh,pala pothuraju,Kishan Patel,Amazon Customer,Amazon Customer,vikram gaikwad"
"AH4BURHCF5UQFZR4VJQXBEQCTYVQ,AGSJLPK6HU2FB4HII64NQ3OYFFFA,AGG75KFRXNLCYVRAPA6D4ZBNTNSA,AFMMETRQBRCB7WX5QNQXV6J3TR5A,AHUADIC4LFJHXZK3ZUCM5GZHP7NA,AHJCBBMUJWQGUJTT477TQ75ZTYNQ,AE2SWHFUXPXFJLITBNYV5YGTI5LQ,AEL77P6YFP7P7EZVBDU63TUTGKMQ","Ranjith,Amazon Customer,Rajneesh s vaid,Heera,Bavanbir Singh,Kiran Kumar SS,Vanshik Kamboj,Unknown"
"AFCWL3MX7BP2ZUDD37MEAENZDQ2A,AGGFXDLCFZMTLJJDR3ZFKEOXCFLQ,AHEBPCKZFBKQMB6FXQLRP72OG4ZQ,AF2V6W7LKARBMZQLFL44AY6KYOCA,AGGGM5HE2PLQKZV33JOD6K2TYPQQ,AG5VQTV5OVY2Q42ZQPWXTRU2PSLQ,AFZ5KWM4MSPU25YIO2CYGGSNYV6Q,AE6THY5M7QTHCQRZ6PIUENS3NY4A","Raj Mohammed,Samson,Haroon sayeed,P Imran Khan,Manohar P,SRF Prashant,Akash Sharma,Sumesh"
"AFO7T5DJCA34LXNLPEMNTUPHBA3Q,AEOKQXQO42VI27RS7S6H6RDJTJWQ,AGMHQJ2A77R33DA4XP3ZHYOMOTHQ","Mandar Joglekar,Vasanth,Well person"
"AELO5I776X3QUOQZ7AEEFC565CYA,AEJNUCP6WR35MUUPR3D4P23EDVQQ,AGM52TVEKBJENHQAN4Q22ODCL5AA,AGQ55X6WU4XM455UMFRGQZ7RYEYA,AHMJ5HV6F5PZFFLBC4NQ7JCHYA6A,AGJRCXYSPMLOJNP22GLBKWRCYDYQ,AGSEKYY3BOZSIPCZ3LHAML2SOC4A,AFWGX2JJIVSYWDL5QHQ3TLM3IIDA","Vishal Nagpal,sharmila,Amazon Customer,Ashish Panjwani,Triti roi,Yogesh Kumar Jalote,Thambaa,Sandeep S."
"AFAQLRAKYASFXOQP7MS6SZK4STIQ,AGGQ72HVXMSQN3ZPGCFUB47QYUVQ,AH5Q2T67DWA5P5DG3FGMWEZ2ES3Q,AHSQNNZHM5HQAGN5EY2JJAA3EWGQ,AEZ3OTGG6TXB5HGKYC3OIELYECPA,AGVBLW36Z5EAOHMLSSU23UQMTUDQ,AGHPFBXJ7QGWVIHXEUBS5Z7F52WQ,AGOWRLSBPAVLJONO6CNUFO3QABZQ","Abhay Goyal,Apurva,Shilpa,Vishnu Narayanan,Kushagra S.,Rogin Cherian,Amazon Customer,Jay d."
"AHGHFJXREBY4F2LI3M6SFLSWC75Q,AFZWM3VVEIMWNFSTQNIUSWJ324KA,AHYHIMJX4LAYXAK6QRQ62U7GPDVA,AGX5JLHABEDQENBZXYQGHW3ICZYA,AF7QASLC5FT2C3DGXD4YW2FMZ5ZQ,AHNCIGFMABVRKLCNTAARDL6N25NA,AGLWM3KQXUEEG5QUPOMKI72IIOZQ,AEU5DHNTPNICV4DYIEYANIV36C4Q","Girija Mohapatra,ShanChan83,Jai Ashvan,Sandeep N.,Digvijay Bhavsar,Imran,Vijayabhaskar,Amazon Customer"
"AHXA44TFJADWFEA3DHLJWVUKZVDQ,AFTNE6LMFIWK3AULQAUWK6LP2ZIQ,AE442FMTBZA5GS5MDBKIB76GQDXQ,AECJGIPE6J5ODC5P7L6WXI4XBNYQ,AHATM4XWKOTU6FWTFVAS5TP6X2VQ,AFTFEMRWKEHE2R2QRRVOQFTETUUQ,AHUAVHWF66PF66YDJXGRXJASHYUQ,AGL76XCJ2EWY36ABPD25DHZRMQMA","Fateh,Fauzia kahkashan,Prakash hembram,Shivu,mahesh,Rajesh Jindal,Ramapati Mishra,Amazon Customer"
"AGD2H2SMDLQK62MH7BFWQ2INBP2A,AELIUKITTHS3MSGTSB3B3YCAUMQQ,AHPYAYHRORO3DMJ7DSUHSGSBLDBQ,AENIRZYQ7D6LIUFYMTCNZ3E7ITMA,AH5WOB4H6TNTIVWLGHXDBTVBKZ3Q,AEEDBX6NJS6TW3AY6TG3DUN4TI5A,AG7BWK54SGYY2Z2QHMB5VD2JXDJQ,AFKOJLBHQLFZ3EZYM3QQRATTZ37A","ABHAY SINGH,kapil,Amazon Customer,M.V.SUBBA RAJU,A.KANAKAYYA,Divyaj,Sachin Tiwari,Samriti garg"
"AECPQWPXGTZOXEYOPZXTZQ5ZG23Q,AFSSY7GGVWHL2TLE5ESRJXJJEK4Q,AEII2B5GAPQWGZCTI2PIMOEFJMRA,AGIJABWDG4M75P6SIANOPH6CGIVQ,AHXNYKCNRYNZPT4HEFZT6JUXRDOA,AFT36LVR44MBK7LQ2WQZOYCZUS2Q,AEVBWSNHEFMTADA24TBEUGDGLZMQ,AF36ZMROXP35IOQKSQ6BK4FEPNAQ","Brian Visvasam,CHAITHANYA GOUD DONTHI,Suresh Kannan B S,Ankur J,Anil Kumar M G,Sudheesh,himanshu verma,Dr. Pranab"
"AFPP23GZ4AVHPQZCTP3HRAABLJLA,AHRMZ6CNNUQLTLK7V4NXSXQSUOPQ,AHYNWZDQUEHA3LHM2UGWGPEF5RZQ,AGJ4SX7KMBI7JTCLN2M2NDKHLBYQ,AHG274KYTUFW4U6M4Q3RXSY3PFLA,AGUDFIEXE7SNZX63QNMDTVSNXB3A,AGDFLPE27MVR57QZ5JFVGQXDDKSA,AG6CUGEEGHQL2ZZ3VHASUJTHLORA","Siddhartha G.,BABU ARIF,Parikshit giri,Adwait,Anil Kumar Singh,VIKRAM RAJAI,vasumathy,Shivam thakur"
"AG44ZU44LAA7BHECDW5VB2ZMEP2A,AGP33PWKFF63FWCVM7D7LPQHFGLQ,AGVLBEJH5PAT5HSTWGHSFXU5D5ZA,AFTC5SKWCK3WMQKPPUNHEUCBJVLA,AGICMMOTS42OFSDTZOVJ4C5P3LEA,AE3GIVX24R4R67DU2MXLX24XYCIQ,AEL5WI53X4OUCZBTBH5Z7SNT63YA,AHLCFOXSW7PKG6NWJAYZXJJBHCPQ","Mahender Singh,Vinay,Supratim Banerjee,Vinod Bhattu,Amitabha,RISHAV RAJ,khushal027,Shubham Gupta"
"AG7TJLDLH3HOUPRBUFW6KNUEGO4A,AHTSVFP4GVBBXB6O7JU5FW3NXEJA,AEREO7C5GLYYYV6YXK7X4UCCQTJQ,AFBZOBNNEXP2HLRKXMCEFD2RNT4A,AEKKXMW4QXQMXXIHMC3AM533RJIA,AHBAU2TXR72GFAVHGD4E7OTABKDA,AHK4GT7INMZPE5QFGOPVQPQWOCHA,AHLCHZOJ35AVEE6DYVVH6XR5D2MQ","Sreejith ks,chetan w.,ASR,vajreshwari,Raghavandra,Kunal Singh,sarath,Sujit b."
